{"cameraMode":{"drawMode":0,"name":"Shaded","section":"Shading Mode"},"sceneLighting":true,"audioPlay":false,"sceneViewState":{"m_AlwaysRefresh":false,"showFog":true,"showSkybox":true,"showFlares":true,"showImageEffects":true,"showParticleSystems":true,"showVisualEffectGraphs":true,"m_FxEnabled":true},"in2DMode":false,"pivot":{"x":3.022756814956665,"y":18.097408294677736,"z":0.596796989440918},"rotation":{"x":0.08539551496505737,"y":-0.0029890264850109817,"z":0.00025618684594519436,"w":0.9963427186012268},"size":322.1288757324219,"orthographic":false}