{"cameraMode":{"drawMode":0,"name":"Shaded","section":"Shading Mode"},"sceneLighting":false,"audioPlay":false,"sceneViewState":{"m_AlwaysRefresh":false,"showFog":true,"showSkybox":false,"showFlares":true,"showImageEffects":true,"showParticleSystems":true,"showVisualEffectGraphs":true,"m_FxEnabled":true},"in2DMode":false,"pivot":{"x":31.738224029541017,"y":20.89299774169922,"z":-29.739011764526368},"rotation":{"x":0.005943743046373129,"y":0.8754440546035767,"z":-0.4831668436527252,"w":0.010769265703856945},"size":4.658088684082031,"orthographic":false}